/,folder,fish,task,area,swim,pixeldenoise,registration,detrend,localdenoise,demix,voltr,spikes,subvolt,rootDir
0,3152018,Fish1-1,Raphe memory task,Raphe,TRUE,TRUE,TRUE,TRUE,TRUE,TRUE,TRUE,TRUE,TRUE,/nrs/ahrens/Takashi/
1,3152018,Fish2-1,Raphe memory task,Raphe,TRUE,TRUE,TRUE,TRUE,TRUE,TRUE,TRUE,TRUE,TRUE,/nrs/ahrens/Takashi/
2,3152018,Fish3-1,Raphe memory task,Raphe,TRUE,TRUE,TRUE,TRUE,TRUE,TRUE,TRUE,TRUE,TRUE,/nrs/ahrens/Takashi/
3,3152018,Fish4-1,Raphe memory task,Raphe,TRUE,TRUE,TRUE,TRUE,TRUE,TRUE,TRUE,TRUE,TRUE,/nrs/ahrens/Takashi/
4,3152018,Fish4-2,Raphe memory task,Raphe,TRUE,TRUE,TRUE,TRUE,TRUE,TRUE,TRUE,TRUE,TRUE,/nrs/ahrens/Takashi/
5,3292018,Fish3-1,Raphe memory task,Raphe,TRUE,TRUE,TRUE,TRUE,TRUE,TRUE,TRUE,TRUE,TRUE,/nrs/ahrens/Takashi/
6,3292018,Fish3-2,Raphe memory task,Raphe,TRUE,TRUE,TRUE,TRUE,TRUE,TRUE,TRUE,TRUE,TRUE,/nrs/ahrens/Takashi/
7,3292018,Fish4-1,Raphe memory task,Raphe,TRUE,TRUE,TRUE,TRUE,TRUE,TRUE,TRUE,TRUE,TRUE,/nrs/ahrens/Takashi/
8,3292018,Fish4-2,Raphe memory task,Raphe,TRUE,TRUE,TRUE,TRUE,TRUE,TRUE,TRUE,TRUE,TRUE,/nrs/ahrens/Takashi/
9,4052018,Fish4-1,Raphe memory task,Raphe,TRUE,TRUE,TRUE,TRUE,TRUE,TRUE,TRUE,TRUE,TRUE,/nrs/ahrens/Takashi/
10,4052018,Fish4-2,Raphe memory task,Raphe,TRUE,TRUE,TRUE,TRUE,TRUE,TRUE,TRUE,TRUE,TRUE,/nrs/ahrens/Takashi/
11,4122018,Fish1-1,Raphe memory task,Raphe,TRUE,TRUE,TRUE,TRUE,TRUE,TRUE,TRUE,TRUE,TRUE,/nrs/ahrens/Takashi/
12,4122018,Fish1-2,Raphe memory task,Raphe,TRUE,TRUE,TRUE,TRUE,TRUE,TRUE,TRUE,TRUE,TRUE,/nrs/ahrens/Takashi/
13,4122018,Fish2-1,Raphe memory task,Raphe,TRUE,TRUE,TRUE,TRUE,TRUE,TRUE,TRUE,TRUE,TRUE,/nrs/ahrens/Takashi/
14,4122018,Fish2-2,Raphe memory task,Raphe,TRUE,TRUE,TRUE,TRUE,TRUE,TRUE,TRUE,TRUE,TRUE,/nrs/ahrens/Takashi/
15,4122018,Fish3-1,Raphe memory task,Raphe,TRUE,TRUE,TRUE,TRUE,TRUE,TRUE,TRUE,TRUE,TRUE,/nrs/ahrens/Takashi/
16,4122018,Fish3-2,Raphe memory task,Raphe,TRUE,TRUE,TRUE,TRUE,TRUE,TRUE,TRUE,TRUE,TRUE,/nrs/ahrens/Takashi/
17,4122018,Fish4-1,Raphe memory task,Raphe,TRUE,TRUE,TRUE,TRUE,TRUE,TRUE,TRUE,TRUE,TRUE,/nrs/ahrens/Takashi/
18,4122018,Fish4-2,Raphe memory task,Raphe,TRUE,TRUE,TRUE,TRUE,TRUE,TRUE,TRUE,TRUE,TRUE,/nrs/ahrens/Takashi/
19,4192018,Fish1-1,Raphe memory task,Raphe,TRUE,TRUE,TRUE,TRUE,TRUE,TRUE,TRUE,TRUE,TRUE,/nrs/ahrens/Takashi/
20,4192018,Fish1-2,Raphe memory task,Raphe,TRUE,TRUE,TRUE,TRUE,TRUE,TRUE,TRUE,TRUE,TRUE,/nrs/ahrens/Takashi/
21,4192018,Fish2-1,Raphe memory task,Raphe,TRUE,TRUE,TRUE,TRUE,TRUE,TRUE,TRUE,TRUE,TRUE,/nrs/ahrens/Takashi/
22,4192018,Fish2-2,Raphe memory task,Raphe,TRUE,TRUE,TRUE,TRUE,TRUE,TRUE,TRUE,TRUE,TRUE,/nrs/ahrens/Takashi/
23,4192018,Fish3-1,Raphe memory task,Raphe,TRUE,TRUE,TRUE,TRUE,TRUE,TRUE,TRUE,TRUE,TRUE,/nrs/ahrens/Takashi/
24,4192018,Fish4-1,Raphe memory task,Raphe,TRUE,TRUE,TRUE,TRUE,TRUE,TRUE,TRUE,TRUE,TRUE,/nrs/ahrens/Takashi/
25,6282018,Fish1-1,Raphe memory task,Raphe,TRUE,TRUE,TRUE,TRUE,TRUE,TRUE,TRUE,TRUE,TRUE,/nrs/ahrens/Takashi/
26,6282018,Fish2-1,Raphe memory task,Raphe,TRUE,TRUE,TRUE,TRUE,TRUE,TRUE,TRUE,TRUE,TRUE,/nrs/ahrens/Takashi/
27,6282018,Fish2-2,Raphe memory task,Raphe,TRUE,TRUE,TRUE,TRUE,TRUE,TRUE,TRUE,TRUE,TRUE,/nrs/ahrens/Takashi/
28,7052018,Fish1-1,Raphe memory task,Raphe,TRUE,TRUE,TRUE,TRUE,TRUE,TRUE,TRUE,TRUE,TRUE,/nrs/ahrens/Takashi/
29,7052018,Fish1-2,Raphe memory task,Raphe,TRUE,TRUE,TRUE,TRUE,TRUE,TRUE,TRUE,TRUE,TRUE,/nrs/ahrens/Takashi/
30,7052018,Fish2-1,Raphe memory task,Raphe,TRUE,TRUE,TRUE,TRUE,TRUE,TRUE,TRUE,TRUE,TRUE,/nrs/ahrens/Takashi/
31,7052018,Fish2-2,Raphe memory task,Raphe,TRUE,TRUE,TRUE,TRUE,TRUE,TRUE,TRUE,TRUE,TRUE,/nrs/ahrens/Takashi/
32,7122018,Fish1-1,Raphe memory task,Raphe,TRUE,TRUE,TRUE,TRUE,TRUE,TRUE,TRUE,TRUE,TRUE,/nrs/ahrens/Takashi/
33,7122018,Fish1-2,Raphe memory task,Raphe,TRUE,TRUE,TRUE,TRUE,TRUE,TRUE,TRUE,TRUE,TRUE,/nrs/ahrens/Takashi/
34,7122018,Fish2-1,Raphe memory task,Raphe,TRUE,TRUE,TRUE,TRUE,TRUE,TRUE,TRUE,TRUE,TRUE,/nrs/ahrens/Takashi/
35,7122018,Fish2-2,Raphe memory task,Raphe,TRUE,TRUE,TRUE,TRUE,TRUE,TRUE,TRUE,TRUE,TRUE,/nrs/ahrens/Takashi/
36,7262018,Fish1-1,Raphe memory task,Raphe,TRUE,TRUE,TRUE,TRUE,TRUE,TRUE,TRUE,TRUE,TRUE,/nrs/ahrens/Takashi/
37,7262018,Fish1-2,Raphe memory task,Raphe,TRUE,TRUE,TRUE,TRUE,TRUE,TRUE,TRUE,TRUE,TRUE,/nrs/ahrens/Takashi/
38,7262018,Fish2-1,Raphe memory task,Raphe,TRUE,TRUE,TRUE,TRUE,TRUE,TRUE,TRUE,TRUE,TRUE,/nrs/ahrens/Takashi/
39,7262018,Fish2-2,Raphe memory task,Raphe,TRUE,TRUE,TRUE,TRUE,TRUE,TRUE,TRUE,TRUE,TRUE,/nrs/ahrens/Takashi/
40,7262018,Fish3-1,Raphe memory task,Raphe,TRUE,TRUE,TRUE,TRUE,TRUE,TRUE,TRUE,TRUE,TRUE,/nrs/ahrens/Takashi/
41,7262018,Fish3-2,Raphe memory task,Raphe,TRUE,TRUE,TRUE,TRUE,TRUE,TRUE,TRUE,TRUE,TRUE,/nrs/ahrens/Takashi/
42,7262018,Fish4-1,Raphe memory task,Raphe,TRUE,TRUE,TRUE,TRUE,TRUE,TRUE,TRUE,TRUE,TRUE,/nrs/ahrens/Takashi/
43,7262018,Fish4-2,Raphe memory task,Raphe,TRUE,TRUE,TRUE,TRUE,TRUE,TRUE,TRUE,TRUE,TRUE,/nrs/ahrens/Takashi/
44,8022018,Fish1-1,Raphe memory task,Raphe,TRUE,TRUE,TRUE,TRUE,TRUE,TRUE,TRUE,TRUE,TRUE,/nrs/ahrens/Takashi/
45,8022018,Fish1-2,Raphe memory task,Raphe,TRUE,TRUE,TRUE,TRUE,TRUE,TRUE,TRUE,TRUE,TRUE,/nrs/ahrens/Takashi/
46,8022018,Fish2-1,Raphe memory task,Raphe,TRUE,TRUE,TRUE,TRUE,TRUE,TRUE,TRUE,TRUE,TRUE,/nrs/ahrens/Takashi/
47,8022018,Fish2-2,Raphe memory task,Raphe,TRUE,TRUE,TRUE,TRUE,TRUE,TRUE,TRUE,TRUE,TRUE,/nrs/ahrens/Takashi/
48,8022018,Fish3-1,Raphe memory task,Raphe,TRUE,TRUE,TRUE,TRUE,TRUE,TRUE,TRUE,TRUE,TRUE,/nrs/ahrens/Takashi/
49,8022018,Fish3-2,Raphe memory task,Raphe,TRUE,TRUE,TRUE,TRUE,TRUE,TRUE,TRUE,TRUE,TRUE,/nrs/ahrens/Takashi/
50,8022018,Fish4-1,Raphe memory task,Raphe,TRUE,TRUE,TRUE,TRUE,TRUE,TRUE,TRUE,TRUE,TRUE,/nrs/ahrens/Takashi/
51,8022018,Fish4-2,Raphe memory task,Raphe,TRUE,TRUE,TRUE,TRUE,TRUE,TRUE,TRUE,TRUE,TRUE,/nrs/ahrens/Takashi/
52,10182018,Fish2-1,Raphe memory task,Raphe,TRUE,TRUE,TRUE,TRUE,TRUE,TRUE,TRUE,TRUE,TRUE,/nrs/ahrens/Ziqiang/Takashi_DRN_project/RawData/
53,10182018,Fish2-2,Raphe memory task,Raphe,TRUE,TRUE,TRUE,TRUE,TRUE,TRUE,TRUE,TRUE,TRUE,/nrs/ahrens/Ziqiang/Takashi_DRN_project/RawData/
54,10182018,Fish3-1,Raphe memory task,Raphe,TRUE,TRUE,TRUE,TRUE,TRUE,TRUE,TRUE,TRUE,TRUE,/nrs/ahrens/Ziqiang/Takashi_DRN_project/RawData/
55,10182018,Fish3-2,Raphe memory task,Raphe,TRUE,TRUE,TRUE,TRUE,TRUE,TRUE,TRUE,TRUE,TRUE,/nrs/ahrens/Ziqiang/Takashi_DRN_project/RawData/
56,11222018,Fish1-1,Gain adaptation,Raphe,TRUE,TRUE,TRUE,TRUE,TRUE,TRUE,TRUE,TRUE,TRUE,/nrs/ahrens/Ziqiang/Takashi_DRN_project/RawData/
57,11222018,Fish1-2,Gain adaptation,Raphe,TRUE,TRUE,TRUE,TRUE,TRUE,TRUE,TRUE,TRUE,TRUE,/nrs/ahrens/Ziqiang/Takashi_DRN_project/RawData/
58,11222018,Fish2-1,Gain adaptation,Raphe,TRUE,TRUE,TRUE,TRUE,TRUE,TRUE,TRUE,TRUE,TRUE,/nrs/ahrens/Ziqiang/Takashi_DRN_project/RawData/
59,11222018,Fish2-2,Gain adaptation,Raphe,TRUE,TRUE,TRUE,TRUE,TRUE,TRUE,TRUE,TRUE,TRUE,/nrs/ahrens/Ziqiang/Takashi_DRN_project/RawData/
60,11222018,Fish3-1,Gain adaptation,Raphe,TRUE,TRUE,TRUE,TRUE,TRUE,TRUE,TRUE,TRUE,TRUE,/nrs/ahrens/Ziqiang/Takashi_DRN_project/RawData/
61,12202018,Fish1-1,Gain adaptation,Raphe,TRUE,TRUE,TRUE,TRUE,TRUE,TRUE,TRUE,TRUE,TRUE,/nrs/ahrens/Ziqiang/Takashi_DRN_project/RawData/
62,12202018,Fish1-2,Gain adaptation,Raphe,TRUE,TRUE,TRUE,TRUE,TRUE,TRUE,TRUE,TRUE,TRUE,/nrs/ahrens/Ziqiang/Takashi_DRN_project/RawData/
63,12202018,Fish2-1,Gain adaptation,Raphe,TRUE,TRUE,TRUE,TRUE,TRUE,TRUE,TRUE,TRUE,TRUE,/nrs/ahrens/Ziqiang/Takashi_DRN_project/RawData/
64,12202018,Fish2-2,Gain adaptation,Raphe,TRUE,TRUE,TRUE,TRUE,TRUE,TRUE,TRUE,TRUE,TRUE,/nrs/ahrens/Ziqiang/Takashi_DRN_project/RawData/
65,12202018,Fish3-1,Gain adaptation,Raphe,TRUE,TRUE,TRUE,TRUE,TRUE,TRUE,TRUE,TRUE,TRUE,/nrs/ahrens/Ziqiang/Takashi_DRN_project/RawData/
66,12202018,Fish3-2,Gain adaptation,Raphe,TRUE,TRUE,TRUE,TRUE,TRUE,TRUE,TRUE,TRUE,TRUE,/nrs/ahrens/Ziqiang/Takashi_DRN_project/RawData/
67,1032019,Fish1-1,Gain adaptation,Raphe,TRUE,TRUE,TRUE,TRUE,TRUE,TRUE,TRUE,TRUE,TRUE,/nrs/ahrens/Ziqiang/Takashi_DRN_project/RawData/
68,1032019,Fish1-2,Gain adaptation,Raphe,TRUE,TRUE,TRUE,TRUE,TRUE,TRUE,TRUE,TRUE,TRUE,/nrs/ahrens/Ziqiang/Takashi_DRN_project/RawData/
69,1032019,Fish1-3,Gain adaptation,Raphe,TRUE,TRUE,TRUE,TRUE,TRUE,TRUE,TRUE,TRUE,TRUE,/nrs/ahrens/Ziqiang/Takashi_DRN_project/RawData/
70,1032019,Fish2-1,Gain adaptation,Raphe,TRUE,TRUE,TRUE,TRUE,TRUE,TRUE,TRUE,TRUE,TRUE,/nrs/ahrens/Ziqiang/Takashi_DRN_project/RawData/
71,1032019,Fish2-2,Gain adaptation,Raphe,TRUE,TRUE,TRUE,TRUE,TRUE,TRUE,TRUE,TRUE,TRUE,/nrs/ahrens/Ziqiang/Takashi_DRN_project/RawData/
72,1172019,Fish2-1,Gain adaptation,Raphe,TRUE,TRUE,TRUE,TRUE,TRUE,TRUE,TRUE,TRUE,TRUE,/nrs/ahrens/Takashi/
73,3272019,Fish2-1,Gain adaptation,Raphe,TRUE,TRUE,TRUE,TRUE,TRUE,TRUE,TRUE,TRUE,TRUE,/nrs/ahrens/Takashi/
74,3272019,Fish2-2,Delayed feedback,Raphe,TRUE,TRUE,TRUE,TRUE,TRUE,TRUE,TRUE,TRUE,TRUE,/nrs/ahrens/Takashi/
75,3282019,Fish1-1,Delayed feedback,Raphe,TRUE,TRUE,TRUE,TRUE,TRUE,TRUE,TRUE,TRUE,TRUE,/nrs/ahrens/Takashi/
76,3282019,Fish1-2,Gain adaptation,Raphe,TRUE,TRUE,TRUE,TRUE,TRUE,TRUE,TRUE,TRUE,TRUE,/nrs/ahrens/Takashi/
77,3282019,Fish2-1,Delayed feedback,Raphe,TRUE,TRUE,TRUE,TRUE,TRUE,TRUE,TRUE,TRUE,TRUE,/nrs/ahrens/Takashi/
78,3282019,Fish2-2,Gain adaptation,Raphe,TRUE,TRUE,TRUE,TRUE,TRUE,TRUE,TRUE,TRUE,TRUE,/nrs/ahrens/Takashi/
79,3282019,Fish3-1,Gain adaptation,Raphe,TRUE,TRUE,TRUE,TRUE,TRUE,TRUE,TRUE,TRUE,TRUE,/nrs/ahrens/Takashi/
80,4032019,Fish1-plane1-before,Gain adaptation (before ablation),Raphe,TRUE,TRUE,TRUE,TRUE,TRUE,TRUE,TRUE,TRUE,TRUE,/nrs/ahrens/Takashi/
81,4032019,Fish1-plane2-before,Gain adaptation (before ablation),Raphe,TRUE,TRUE,TRUE,TRUE,TRUE,TRUE,TRUE,TRUE,TRUE,/nrs/ahrens/Takashi/
82,4032019,Fish1-plane1-after,Gain adaptation (after ablation),Raphe,TRUE,TRUE,TRUE,TRUE,TRUE,TRUE,TRUE,TRUE,TRUE,/nrs/ahrens/Takashi/
83,4032019,Fish1-plane2-after,Gain adaptation (after ablation),Raphe,TRUE,TRUE,TRUE,TRUE,TRUE,TRUE,TRUE,TRUE,TRUE,/nrs/ahrens/Takashi/
84,4042019,Fish1-plane#1-before,Gain adaptation (before ablation),Raphe,TRUE,TRUE,TRUE,TRUE,TRUE,TRUE,TRUE,TRUE,TRUE,/nrs/ahrens/Takashi/
85,4042019,Fish1-plane#2-before,Gain adaptation (before ablation),Raphe,TRUE,TRUE,TRUE,TRUE,TRUE,TRUE,TRUE,TRUE,TRUE,/nrs/ahrens/Takashi/
86,4042019,Fish1-plane#1-after,Gain adaptation (after ablation),Raphe,TRUE,TRUE,TRUE,TRUE,TRUE,TRUE,TRUE,TRUE,TRUE,/nrs/ahrens/Takashi/
87,4042019,Fish1-plane#2-after,Gain adaptation (after ablation),Raphe,TRUE,TRUE,TRUE,TRUE,TRUE,TRUE,TRUE,TRUE,TRUE,/nrs/ahrens/Takashi/
88,4042019,Fish2-plane#1-before,Gain adaptation (before ablation),Raphe,TRUE,TRUE,TRUE,TRUE,TRUE,TRUE,TRUE,TRUE,TRUE,/nrs/ahrens/Takashi/
89,4042019,Fish2-plane#2-before,Gain adaptation (before ablation),Raphe,TRUE,TRUE,TRUE,TRUE,TRUE,TRUE,TRUE,TRUE,TRUE,/nrs/ahrens/Takashi/
90,4042019,Fish2-plane#1-after,Gain adaptation (after ablation),Raphe,TRUE,TRUE,TRUE,TRUE,TRUE,TRUE,TRUE,TRUE,TRUE,/nrs/ahrens/Takashi/
91,4042019,Fish2-plane#2-after,Gain adaptation (after ablation),Raphe,TRUE,TRUE,TRUE,TRUE,TRUE,TRUE,TRUE,TRUE,TRUE,/nrs/ahrens/Takashi/
92,4042019,Fish3-plane#1-before,Gain adaptation (before ablation),Raphe,TRUE,TRUE,TRUE,TRUE,TRUE,TRUE,TRUE,TRUE,TRUE,/nrs/ahrens/Takashi/
93,4042019,Fish3-plane#2-before,Gain adaptation (before ablation),Raphe,TRUE,TRUE,TRUE,TRUE,TRUE,TRUE,TRUE,TRUE,TRUE,/nrs/ahrens/Takashi/
94,4042019,Fish3-plane#1-after,Gain adaptation (after ablation),Raphe,TRUE,TRUE,TRUE,TRUE,TRUE,TRUE,TRUE,TRUE,TRUE,/nrs/ahrens/Takashi/
95,4042019,Fish3-plane#2-after,Gain adaptation (after ablation),Raphe,TRUE,TRUE,TRUE,TRUE,TRUE,TRUE,TRUE,TRUE,TRUE,/nrs/ahrens/Takashi/
96,4112019,Fish3-plane#1-before,Gain adaptation (before ablation),Raphe,TRUE,TRUE,TRUE,TRUE,TRUE,TRUE,TRUE,TRUE,TRUE,/nrs/ahrens/Takashi/
97,4112019,Fish3-plane#2-before,Gain adaptation (before ablation),Raphe,TRUE,TRUE,TRUE,TRUE,TRUE,TRUE,TRUE,TRUE,TRUE,/nrs/ahrens/Takashi/
98,4112019,Fish3-plane#1-after,Gain adaptation (after ablation),Raphe,TRUE,TRUE,TRUE,TRUE,TRUE,TRUE,TRUE,TRUE,TRUE,/nrs/ahrens/Takashi/
99,4112019,Fish3-plane#2-after,Gain adaptation (after ablation),Raphe,TRUE,TRUE,TRUE,TRUE,TRUE,TRUE,TRUE,TRUE,TRUE,/nrs/ahrens/Takashi/
100,4112019,Fish4-plane#1-before,Gain adaptation (before ablation),Raphe,TRUE,TRUE,TRUE,TRUE,TRUE,TRUE,TRUE,TRUE,TRUE,/nrs/ahrens/Takashi/
101,4112019,Fish4-plane#2-before,Gain adaptation (before ablation),Raphe,TRUE,TRUE,TRUE,TRUE,TRUE,TRUE,TRUE,TRUE,TRUE,/nrs/ahrens/Takashi/
102,4112019,Fish4-plane#3-before,Gain adaptation (before ablation),Raphe,TRUE,TRUE,TRUE,TRUE,TRUE,TRUE,TRUE,TRUE,TRUE,/nrs/ahrens/Takashi/
103,4112019,Fish4-plane#1-after,Gain adaptation (after ablation),Raphe,TRUE,TRUE,TRUE,TRUE,TRUE,TRUE,TRUE,TRUE,TRUE,/nrs/ahrens/Takashi/
104,4112019,Fish4-plane#2-after,Gain adaptation (after ablation),Raphe,TRUE,TRUE,TRUE,TRUE,TRUE,TRUE,TRUE,TRUE,TRUE,/nrs/ahrens/Takashi/
105,4112019,Fish4-plane#3-after,Gain adaptation (after ablation),Raphe,TRUE,TRUE,TRUE,TRUE,TRUE,TRUE,TRUE,TRUE,TRUE,/nrs/ahrens/Takashi/
106,4112019,Fish5-plane#1-before,Gain adaptation (before ablation),Raphe,TRUE,TRUE,TRUE,TRUE,TRUE,TRUE,TRUE,TRUE,TRUE,/nrs/ahrens/Takashi/
107,4112019,Fish5-plane#2-before,Gain adaptation (before ablation),Raphe,TRUE,TRUE,TRUE,TRUE,TRUE,TRUE,TRUE,TRUE,TRUE,/nrs/ahrens/Takashi/
108,4112019,Fish5-plane#1-after,Gain adaptation (after ablation),Raphe,TRUE,TRUE,TRUE,TRUE,TRUE,TRUE,TRUE,TRUE,TRUE,/nrs/ahrens/Takashi/
109,4112019,Fish5-plane#2-after,Gain adaptation (after ablation),Raphe,TRUE,TRUE,TRUE,TRUE,TRUE,TRUE,TRUE,TRUE,TRUE,/nrs/ahrens/Takashi/
110,5022019,Fish2-1-swimonly_visualonly,Swimonly_Visualonly,Raphe,TRUE,TRUE,TRUE,TRUE,TRUE,TRUE,TRUE,TRUE,TRUE,/nrs/ahrens/Takashi/
111,5022019,Fish2-2-swimonly_visualonly,Swimonly_Visualonly,Raphe,TRUE,TRUE,TRUE,TRUE,TRUE,TRUE,TRUE,TRUE,TRUE,/nrs/ahrens/Takashi/
112,5022019,Fish3-1-swimonly_visualonly,Swimonly_Visualonly,Raphe,TRUE,TRUE,TRUE,TRUE,TRUE,TRUE,TRUE,TRUE,TRUE,/nrs/ahrens/Takashi/
113,5022019,Fish3-2-swimonly_visualonly,Swimonly_Visualonly,Raphe,TRUE,TRUE,TRUE,TRUE,TRUE,TRUE,TRUE,TRUE,TRUE,/nrs/ahrens/Takashi/
114,5092019,Fish3-1-swimonly_visualonly,Swimonly_Visualonly,Raphe,TRUE,TRUE,TRUE,TRUE,TRUE,TRUE,TRUE,TRUE,TRUE,/nrs/ahrens/Takashi/
115,5092019,Fish3-2-swimonly_visualonly,Swimonly_Visualonly,Raphe,TRUE,TRUE,TRUE,TRUE,TRUE,TRUE,TRUE,TRUE,TRUE,/nrs/ahrens/Takashi/
116,5092019,Fish4-1-swimonly_visualonly,Swimonly_Visualonly,Raphe,TRUE,TRUE,TRUE,TRUE,TRUE,TRUE,TRUE,TRUE,TRUE,/nrs/ahrens/Takashi/
117,5092019,Fish4-2-swimonly_visualonly,Swimonly_Visualonly,Raphe,TRUE,TRUE,TRUE,TRUE,TRUE,TRUE,TRUE,TRUE,TRUE,/nrs/ahrens/Takashi/
118,5092019,Fish5-1-swimonly_visualonly,Swimonly_Visualonly,Raphe,TRUE,TRUE,TRUE,TRUE,TRUE,TRUE,TRUE,TRUE,TRUE,/nrs/ahrens/Takashi/
119,5092019,Fish5-2-swimonly_visualonly,Swimonly_Visualonly,Raphe,TRUE,TRUE,TRUE,TRUE,TRUE,TRUE,TRUE,TRUE,TRUE,/nrs/ahrens/Takashi/
120,5092019,Fish6-1-swimonly_visualonly,Swimonly_Visualonly,Raphe,TRUE,TRUE,TRUE,TRUE,TRUE,TRUE,TRUE,TRUE,TRUE,/nrs/ahrens/Takashi/
121,5092019,Fish6-2-swimonly_visualonly,Swimonly_Visualonly,Raphe,TRUE,TRUE,TRUE,TRUE,TRUE,TRUE,TRUE,TRUE,TRUE,/nrs/ahrens/Takashi/
122,5092019,Fish7-1-swimonly_visualonly,Swimonly_Visualonly,Raphe,TRUE,TRUE,TRUE,TRUE,TRUE,TRUE,TRUE,TRUE,TRUE,/nrs/ahrens/Takashi/
123,5092019,Fish7-2-swimonly_visualonly,Swimonly_Visualonly,Raphe,TRUE,TRUE,TRUE,TRUE,TRUE,TRUE,TRUE,TRUE,TRUE,/nrs/ahrens/Takashi/
124,5152019,Fish1-1-swimonly_visualonly,Swimonly_Visualonly,Raphe,TRUE,TRUE,TRUE,TRUE,TRUE,TRUE,TRUE,TRUE,TRUE,/nrs/ahrens/Takashi/
125,5152019,Fish2-1-swimonly_visualonly,Swimonly_Visualonly,Raphe,TRUE,TRUE,TRUE,TRUE,TRUE,TRUE,TRUE,TRUE,TRUE,/nrs/ahrens/Takashi/
126,5152019,Fish2-2-swimonly_visualonly,Swimonly_Visualonly,Raphe,TRUE,TRUE,TRUE,TRUE,TRUE,TRUE,TRUE,TRUE,TRUE,/nrs/ahrens/Takashi/
127,5152019,Fish3-1-swimonly_visualonly,Swimonly_Visualonly,Raphe,TRUE,TRUE,TRUE,TRUE,TRUE,TRUE,TRUE,TRUE,TRUE,/nrs/ahrens/Takashi/
128,5152019,Fish3-2-swimonly_visualonly,Swimonly_Visualonly,Raphe,TRUE,TRUE,TRUE,TRUE,TRUE,TRUE,TRUE,TRUE,TRUE,/nrs/ahrens/Takashi/
129,5152019,Fish3-3-swimonly_visualonly,Swimonly_Visualonly,Raphe,TRUE,TRUE,TRUE,TRUE,TRUE,TRUE,TRUE,TRUE,TRUE,/nrs/ahrens/Takashi/
130,5152019,Fish4-1-swimonly_visualonly,Swimonly_Visualonly,Raphe,TRUE,TRUE,TRUE,TRUE,TRUE,TRUE,TRUE,TRUE,TRUE,/nrs/ahrens/Takashi/
131,5152019,Fish4-2-swimonly_visualonly,Swimonly_Visualonly,Raphe,TRUE,TRUE,TRUE,TRUE,TRUE,TRUE,TRUE,TRUE,TRUE,/nrs/ahrens/Takashi/
132,5162019,Fish1-plane#1-before-swimonly_visualonly,Swimonly_Visualonly (before ablation),Raphe,TRUE,TRUE,TRUE,TRUE,TRUE,TRUE,TRUE,TRUE,TRUE,/nrs/ahrens/Takashi/
133,5162019,Fish1-plane#2-before-swimonly_visualonly,Swimonly_Visualonly (before ablation),Raphe,TRUE,TRUE,TRUE,TRUE,TRUE,TRUE,TRUE,TRUE,TRUE,/nrs/ahrens/Takashi/
134,5162019,Fish1-plane#1-after-swimonly_visualonly,Swimonly_Visualonly (after ablation),Raphe,TRUE,TRUE,TRUE,TRUE,TRUE,TRUE,TRUE,TRUE,TRUE,/nrs/ahrens/Takashi/
135,5162019,Fish1-plane#2-after-swimonly_visualonly,Swimonly_Visualonly (after ablation),Raphe,TRUE,TRUE,TRUE,TRUE,TRUE,TRUE,TRUE,TRUE,TRUE,/nrs/ahrens/Takashi/
136,5162019,Fish2-plane#1-before-swimonly_visualonly,Swimonly_Visualonly (before ablation),Raphe,TRUE,TRUE,TRUE,TRUE,TRUE,TRUE,TRUE,TRUE,TRUE,/nrs/ahrens/Takashi/
137,5162019,Fish2-plane#2-before-swimonly_visualonly,Swimonly_Visualonly (before ablation),Raphe,TRUE,TRUE,TRUE,TRUE,TRUE,TRUE,TRUE,TRUE,TRUE,/nrs/ahrens/Takashi/
138,5162019,Fish2-plane#3-before-swimonly_visualonly,Swimonly_Visualonly (before ablation),Raphe,TRUE,TRUE,TRUE,TRUE,TRUE,TRUE,TRUE,TRUE,TRUE,/nrs/ahrens/Takashi/
139,5162019,Fish2-plane#1-after-swimonly_visualonly,Swimonly_Visualonly (after ablation),Raphe,TRUE,TRUE,TRUE,TRUE,TRUE,TRUE,TRUE,TRUE,TRUE,/nrs/ahrens/Takashi/
140,5162019,Fish2-plane#2-after-swimonly_visualonly,Swimonly_Visualonly (after ablation),Raphe,TRUE,TRUE,TRUE,TRUE,TRUE,TRUE,TRUE,TRUE,TRUE,/nrs/ahrens/Takashi/
141,5162019,Fish2-plane#3-after-swimonly_visualonly,Swimonly_Visualonly (after ablation),Raphe,TRUE,TRUE,TRUE,TRUE,TRUE,TRUE,TRUE,TRUE,TRUE,/nrs/ahrens/Takashi/
142,5162019,Fish3-plane#1-before-swimonly_visualonly,Swimonly_Visualonly,Raphe,TRUE,TRUE,TRUE,TRUE,TRUE,TRUE,TRUE,TRUE,TRUE,/nrs/ahrens/Takashi/
143,5222019,Fish1-Plane#1-before-swimonly_visualonly,Swimonly_Visualonly (before ablation),Raphe,TRUE,TRUE,FALSE,FALSE,FALSE,FALSE,FALSE,FALSE,FALSE,/nrs/ahrens/Takashi/
144,5222019,Fish1-Plane#1-after-swimonly_visualonly,Swimonly_Visualonly (after ablation),Raphe,TRUE,TRUE,TRUE,FALSE,FALSE,FALSE,FALSE,FALSE,FALSE,/nrs/ahrens/Takashi/
145,5222019,Fish2-Plane#1-before-swimonly_visualonly,Swimonly_Visualonly (before ablation),Raphe,TRUE,TRUE,FALSE,FALSE,FALSE,FALSE,FALSE,FALSE,FALSE,/nrs/ahrens/Takashi/
146,5222019,Fish2-Plane#2-before-swimonly_visualonly,Swimonly_Visualonly (before ablation),Raphe,TRUE,TRUE,FALSE,FALSE,FALSE,FALSE,FALSE,FALSE,FALSE,/nrs/ahrens/Takashi/
147,5222019,Fish2-Plane#1-after-swimonly_visualonly,Swimonly_Visualonly (after ablation),Raphe,TRUE,TRUE,FALSE,FALSE,FALSE,FALSE,FALSE,FALSE,FALSE,/nrs/ahrens/Takashi/
148,5222019,Fish2-Plane#2-after-swimonly_visualonly,Swimonly_Visualonly (after ablation),Raphe,TRUE,TRUE,FALSE,FALSE,FALSE,FALSE,FALSE,FALSE,FALSE,/nrs/ahrens/Takashi/
149,5222019,Fish3-Plane#1-before-swimonly_visualonly,Swimonly_Visualonly (before ablation),Raphe,TRUE,TRUE,FALSE,FALSE,FALSE,FALSE,FALSE,FALSE,FALSE,/nrs/ahrens/Takashi/
150,5222019,Fish3-Plane#2-before-swimonly_visualonly,Swimonly_Visualonly (before ablation),Raphe,TRUE,TRUE,TRUE,FALSE,FALSE,FALSE,FALSE,FALSE,FALSE,/nrs/ahrens/Takashi/
151,5222019,Fish3-Plane#3-before-swimonly_visualonly,Swimonly_Visualonly (before ablation),Raphe,TRUE,TRUE,FALSE,FALSE,FALSE,FALSE,FALSE,FALSE,FALSE,/nrs/ahrens/Takashi/
152,5222019,Fish3-Plane#1-after-swimonly_visualonly,Swimonly_Visualonly (after ablation),Raphe,TRUE,TRUE,FALSE,FALSE,FALSE,FALSE,FALSE,FALSE,FALSE,/nrs/ahrens/Takashi/
153,5222019,Fish3-Plane#2-after-swimonly_visualonly,Swimonly_Visualonly (after ablation),Raphe,TRUE,TRUE,FALSE,FALSE,FALSE,FALSE,FALSE,FALSE,FALSE,/nrs/ahrens/Takashi/
154,5222019,Fish3-Plane#3-after-swimonly_visualonly,Swimonly_Visualonly (after ablation),Raphe,TRUE,TRUE,FALSE,FALSE,FALSE,FALSE,FALSE,FALSE,FALSE,/nrs/ahrens/Takashi/
155,5232019,Fish1-Plane#1-before-swimonly_visualonly,Swimonly_Visualonly,Raphe,TRUE,TRUE,FALSE,FALSE,FALSE,FALSE,FALSE,FALSE,FALSE,/nrs/ahrens/Takashi/
156,5232019,Fish1-Plane#2-before-swimonly_visualonly,Swimonly_Visualonly,Raphe,TRUE,TRUE,FALSE,FALSE,FALSE,FALSE,FALSE,FALSE,FALSE,/nrs/ahrens/Takashi/
157,5232019,Fish2-Plane#1-before-swimonly_visualonly,Swimonly_Visualonly,Raphe,TRUE,TRUE,FALSE,FALSE,FALSE,FALSE,FALSE,FALSE,FALSE,/nrs/ahrens/Takashi/
158,5232019,Fish2-Plane#2-before-swimonly_visualonly,Swimonly_Visualonly,Raphe,TRUE,TRUE,FALSE,FALSE,FALSE,FALSE,FALSE,FALSE,FALSE,/nrs/ahrens/Takashi/
159,5232019,Fish3-Plane#1-before-swimonly_visualonly,Swimonly_Visualonly (before ablation),Raphe,TRUE,TRUE,FALSE,FALSE,FALSE,FALSE,FALSE,FALSE,FALSE,/nrs/ahrens/Takashi/
160,5232019,Fish3-Plane#2-before-swimonly_visualonly,Swimonly_Visualonly (before ablation),Raphe,TRUE,TRUE,FALSE,FALSE,FALSE,FALSE,FALSE,FALSE,FALSE,/nrs/ahrens/Takashi/
161,5232019,Fish3-Plane#1-after-swimonly_visualonly,Swimonly_Visualonly (after ablation),Raphe,TRUE,TRUE,FALSE,FALSE,FALSE,FALSE,FALSE,FALSE,FALSE,/nrs/ahrens/Takashi/
162,5232019,Fish3-Plane#2-after-swimonly_visualonly,Swimonly_Visualonly (after ablation),Raphe,TRUE,TRUE,FALSE,FALSE,FALSE,FALSE,FALSE,FALSE,FALSE,/nrs/ahrens/Takashi/
163,5232019,Fish4-Plane#1-before-swimonly_visualonly,Swimonly_Visualonly (before ablation),Raphe,TRUE,TRUE,FALSE,FALSE,FALSE,FALSE,FALSE,FALSE,FALSE,/nrs/ahrens/Takashi/
164,5232019,Fish4-Plane#2-before-swimonly_visualonly,Swimonly_Visualonly (before ablation),Raphe,TRUE,TRUE,FALSE,FALSE,FALSE,FALSE,FALSE,FALSE,FALSE,/nrs/ahrens/Takashi/
165,5232019,Fish4-Plane#1-after-swimonly_visualonly,Swimonly_Visualonly (after ablation),Raphe,TRUE,TRUE,FALSE,FALSE,FALSE,FALSE,FALSE,FALSE,FALSE,/nrs/ahrens/Takashi/
166,5232019,Fish4-Plane#2-after-swimonly_visualonly,Swimonly_Visualonly (after ablation),Raphe,TRUE,TRUE,FALSE,FALSE,FALSE,FALSE,FALSE,FALSE,FALSE,/nrs/ahrens/Takashi/
167,5232019,Fish5-Plane#1-before-swimonly_visualonly,Swimonly_Visualonly (before ablation),Raphe,TRUE,TRUE,FALSE,FALSE,FALSE,FALSE,FALSE,FALSE,FALSE,/nrs/ahrens/Takashi/
168,5232019,Fish5-Plane#2-before-swimonly_visualonly,Swimonly_Visualonly (before ablation),Raphe,TRUE,TRUE,FALSE,FALSE,FALSE,FALSE,FALSE,FALSE,FALSE,/nrs/ahrens/Takashi/
169,5232019,Fish5-Plane#1-after-swimonly_visualonly,Swimonly_Visualonly (after ablation),Raphe,TRUE,TRUE,FALSE,FALSE,FALSE,FALSE,FALSE,FALSE,FALSE,/nrs/ahrens/Takashi/
170,5232019,Fish5-Plane#2-after-swimonly_visualonly,Swimonly_Visualonly (after ablation),Raphe,TRUE,TRUE,FALSE,FALSE,FALSE,FALSE,FALSE,FALSE,FALSE,/nrs/ahrens/Takashi/